Amy,Klobuchar,
Andy,Harris,
Angus,King,
Ben,Cardin,
Bernie,Sanders,
Bill,Nelson,
Bob,Brady,
Bob,Casey,
Bob,Corker,
Bob,Menendez,
Bobby,Rush,
Bradley,Byrne,
Buddy,Carter,
Carol,Shea-Porter,
Chellie,Pingree,
Chris,Murphy,
Claire,McCaskill,
Colleen,Hanabusa,
David,Cicilline,
David,McKinley,
Dean,Heller,
Deb,Fischer,
Debbie,Stabenow,
Diana,DeGette,
Dianne,Feinstein,
Dina,Titus,
Donald,Norcross,
Doug,LaMalfa,
Elizabeth,Warren,
G.,Butterfield,
Heidi,Heitkamp,
Jack,Bergman,
James,Comer,
Jeff,Flake,
Jeff,Fortenberry,
Jim,Bridenstine,
Joe,Donnelly,
Joe,Manchin,
John,Larson,
John,Barrasso,
Jon,Tester,
Kirsten,Gillibrand,
Lacy,Clay,
Lee,Zeldin,
Louie,Gohmert,
Maria,Cantwell,
Mark,Sanford,
Martin,Heinrich,
Matt,Gaetz,
Mazie,Hirono,
Michelle,Grisham,
Orrin,Hatch,
Paul,Ryan,
Pete,Visclosky,
Phil,Roe,
Raúl,Labrador,
Richard,Neal,
Rick,Crawford,
Rob,Bishop,
Rob,Wittman,
Rod,Blum,
Roger,Marshall,
Roger,Wicker,
Sheldon,Whitehouse,
Sherrod,Brown,
Steve,Chabot,
Steve,Scalise,
Suzan,DelBene,
Suzanne,Bonamici,
Tammy,Baldwin,
Ted,Cruz,
Tim,Kaine,
Tim,Walz,
Tom,Carper,
Tom,O'Halleran,
Trent,Kelly,
Barbara,Comstock,
Brad,Schneider,
Dennis,Heck,
Donald,Payne,
Jeff,Denham,
Jerrold,Nadler,
Jody,Hice,
Michael,McCaul,
Mike,Turner,
Patrick,McHenry,
Paul,Mitchell,
Tom,Marino,
Val,Demings,
Barry,Loudermilk,
Bill,Foster,
Dan,Donovan,
Daniel,Webster,
Dave,Trott,
Gerry,Connolly,
Lou,Barletta,
Marcia,Fudge,
Mark,DeSaulnier,
Mark,Meadows,
Mike,Conaway,
Rodney,Frelinghuysen,
Alma,Adams,
Bonnie,Coleman,
Carolyn,Maloney,
Debbie,Dingell,
Gus,Bilirakis,
Kay,Granger,
Keith,Rothfus,
Mike,Bost,
Nancy,Pelosi,
Pat,Tiberi,
Rick,Allen,
Adriano,Espaillat,
Barbara,Lee,
Brendan,Boyle,
Charlie,Crist,
David,Scott,
John,Conyers,
Mac,Thornberry,
Rodney,Davis,
Ted,Budd,
Tim,Ryan,
Brenda,Lawrence,
David,Joyce,
Jackie,Speier,
Joseph,Crowley,
Kathy,Castor,
Michael,Doyle,
Randy,Hultgren,
Randy,Weber,
Tom,Graves,
Charlie,Dent,
Dennis,Ross,
Eric,Swalwell,
John,Shimkus,
José,Serrano,
Steve,Stivers,
Vicente,González,
Adam,Kinzinger,
Beto,O'Rourke,
Eliot,Engel,
Jim,Costa,
Jim,Renacci,
Lloyd,Smucker,
Vern,Buchanan,
Bill,Flores,
Cheri,Bustos,
Matt,Cartwright,
Nita,Lowey,
Ro,Khanna,
Tom,Rooney,
Anna,Eshoo,
Brian,Mast,
Darin,LaHood,
Sean,Patrick,Maloney
Sheila,Jackson,Lee
Tim,Murphy,
Francis,Rooney,
Jodey,Arrington,
John,Faso,
Zoe,Lofgren,
Al,Franken,
Alex,Mooney,
Ann,McLane,Kuster
Ann,Wagner,
Ben,Sasse,
Bennie,Thompson,
Bill,Cassidy,
Bill,Huizenga,
Brad,Wenstrup,
Brett,Guthrie,
Bruce,Poliquin,
Cedric,Richmond,
Chris,Coons,
Chris,Stewart,
Cory,Booker,
Cory,Gardner,
Dan,Sullivan,
Dave,Loebsack,
David,Perdue,
Dick,Durbin,
Don,Bacon,
Dutch,Ruppersberger,
Dwight,Evans,
Ed,Markey,
Frank,LoBiondo,
French,Hill,
Gary,Peters,
George,Holding,
Greg,Walden,
Jack,Reed,
Jackie,Walorski,
James,Langevin,
Jared,Huffman,
Jared,Polis,
Jason,Lewis,
Jeanne,Shaheen,
Jeff,Merkley,
Jeff,Sessions,
Jim,Inhofe,
Jim,McGovern,
Jim,Risch,
Jimmy,Duncan,
Joe,Courtney,
Joe,Wilson,
John,Cornyn,
Joni,Ernst,
Lamar,Alexander,
Lindsey,Graham,
Lynn,Jenkins,
Mark,Amodei,
Mark,Pocan,
Mark,Warner,
Markwayne,Mullin,
Martha,McSally,
Martha,Roby,
Mike,Enzi,
Mike,Rounds,
Mike,Simpson,
Mitch,McConnell,
Neal,Dunn,
Pat,Roberts,
Peter,King,
Rick,Larsen,
Robin,Kelly,
Sanford,Bishop,
Scott,Taylor,
Shelley,Moore,Capito
Steve,Daines,
Steve,Pearce,
Susan,Collins,
Ted,Poe,
Thad,Cochran,
Thom,Tillis,
Tom,Cotton,
Tom,Udall,
Tulsi,Gabbard,
Alcee,Hastings,
Jimmy,Panetta,
Joaquín,Castro,
Paul,Tonko,
David,Valadao,
Elise,Stefanik,
Lamar,Smith,
Lois,Frankel,
Claudia,Tenney,
Devin,Nunes,
Pete,Olson,
Ted,Deutch,
Debbie,Wasserman,Schultz
Kevin,McCarthy,
Tom,Reed,
Will,Hurd,
Frederica,Wilson,
John,Katko,
Kenny,Marchant,
Salud,Carbajal,
Louise,Slaughter,
Mario,Díaz-Balart,
Roger,Williams,
Steve,Knight,
Brian,Higgins,
Carlos,Curbelo,
Julia,Brownley,
Michael,Burgess,
Blake,Farenthold,
Chris,Collins,
Ileana,Ros-Lehtinen,
Judy,Chu,
Adam,Schiff,
Henry,Cuellar,
Gene,Green,
Tony,Cárdenas,
Adrian,Smith,
Ben,Ray,Luján
Blaine,Luetkemeyer,
Bobby,Scott,
Brian,Schatz,
Catherine,Cortez,Masto
Chris,Van,Hollen
Chuck,Fleischmann,
Chuck,Grassley,
Chuck,Schumer,
Clay,Higgins,
Dan,Lipinski,
David,Young,
Drew,Ferguson,
Earl,Blumenauer,
Erik,Paulsen,
Evan,Jenkins,
Frank,Lucas,
Gregg,Harper,
Jacky,Rosen,
Jaime,Herrera,Beutler
James,Lankford,
Jason,Chaffetz,
Jeff,Duncan,
Jerry,Moran,
Jim,Banks,
John,Boozman,
John,Garamendi,
John,Hoeven,
John,Kennedy,
John,McCain,
John,Sarbanes,
John,Thune,
John,Yarmuth,
Johnny,Isakson,
Joyce,Beatty,
Justin,Amash,
Kamala,Harris,
Kevin,Yoder,
Lisa,Murkowski,
Maggie,Hassan,
Marco,Rubio,
Michael,Bennet,
Mike,Crapo,
Mike,Kelly,
Mike,Lee,
Mike,Rogers,
Niki,Tsongas,
Pat,Toomey,
Patrick,Leahy,
Patty,Murray,
Rand,Paul,
Raúl,Grijalva,
Richard,Blumenthal,
Richard,Burr,
Richard,Shelby,
Rob,Portman,
Ron,Johnson,
Ron,Kind,
Ron,Wyden,
Rosa,DeLauro,
Roy,Blunt,
Sam,Johnson,
Scott,Tipton,
Steve,Womack,
Tammy,Duckworth,
Ted,Yoho,
Thomas,Suozzi,
Tim,Scott,
Todd,Young,
Tom,MacArthur,
Walter,Jones,
Brad,Sherman,
Eddie,Bernice,Johnson
John,Carter,
Pete,Aguilar,
Grace,Napolitano,
Pete,Sessions,
Marc,Veasey,
Ted,Lieu,
Filemon,Vela,
Xavier,Becerra,
Lloyd,Doggett,
Norma,Torres,
Brian,Babin,
Raul,Ruiz,
Karen,Bass,
Linda,Sánchez,
Ed,Royce,
Anthony,Brown,
Betty,McCollum,
Bruce,Westerman,
Chris,Smith,
Dan,Newhouse,
David,Price,
Donald,McEachin,
Gwen,Moore,
Hank,Johnson,
Jim,Himes,
Jim,Jordan,
John,Moolenaar,
John,Ratcliffe,
John,Rutherford,
Joseph,P.,Kennedy
Kathleen,Rice,
Ken,Buck,
Luis,Gutiérrez,
Mia,Love,
Mike,Johnson,
Mike,Pompeo,
Paul,Gosar,
Peter,DeFazio,
Robert,Aderholt,
Ruben,Kihuen,
Scott,DesJarlais,
Scott,Perry,
Steve,King,
Steven,Palazzo,
Thomas,Massie,
Todd,Rokita,
Tom,Cole,
Tom,McClintock,
Trey,Gowdy,
Vicky,Hartzler,
Lucille,Roybal-Allard,
Mark,Takano,
Ken,Calvert,
Maxine,Waters,
Nanette,Barragán,
Mimi,Walters,
Lou,Correa,
Alan,Lowenthal,
Dana,Rohrabacher,
Darrell,Issa,
Al,Lawson,
Andy,Biggs,
Bob,Latta,
Cathy,McMorris,Rodgers
Dan,Kildee,
Doug,Lamborn,
Elizabeth,Esty,
Emanuel,Cleaver,
Glenn,Thompson,
Gregory,Meeks,
Hal,Rogers,
Jeb,Hensarling,
Jim,Cooper,
Jim,Sensenbrenner,
John,Lewis,
Josh,Gottheimer,
Katherine,Clark,
Keith,Ellison,
Kurt,Schrader,
Mick,Mulvaney,
Mike,Quigley,
Mike,Thompson,
Mo,Brooks,
Ralph,Abraham,
Steny,Hoyer,
Steve,Russell,
Susan,Brooks,
Tom,Garrett,
Virginia,Foxx,
Duncan,Hunter,
Juan,Vargas,
Scott,Peters,
Susan,Davis,
Andy,Barr,
Bill,Johnson,
Bob,Goodlatte,
David,Schweikert,
Derek,Kilmer,
Diane,Black,
Doris,Matsui,
Frank,Pallone,
Fred,Upton,
Garret,Graves,
Gary,Palmer,
Glenn,Grothman,
Grace,Meng,
Jim,Clyburn,
Joe,Barton,
John,Delaney,
Luke,Messer,
Mark,Walker,
Mike,Coffman,
Peter,Roskam,
Ron,DeSantis,
Ryan,Costello,
Sam,Graves,
Seth,Moulton,
Tom,Emmer,
Tom,Price,
Ami,Bera,
André,Carson,
Billy,Long,
Bob,Gibbs,
Collin,Peterson,
Danny,Davis,
Dave,Brat,
David,Rouzer,
Ed,Perlmutter,
Elijah,Cummings,
John,Culberson,
Leonard,Lance,
Marsha,Blackburn,
Mike,Capuano,
Nydia,Velázquez,
Pat,Meehan,
Pramila,Jayapal,
Rob,Woodall,
Ruben,Gallego,
Sean,Duffy,
Stephanie,Murphy,
Terri,Sewell,
Tim,Walberg,
Tom,Rice,
Albio,Sires,
Austin,Scott,
Bill,Posey,
Brian,Fitzpatrick,
Dave,Reichert,
David,Kustoff,
Don,Beyer,
Hakeem,Jeffries,
Jamie,Raskin,
Jason,Smith,
Kevin,Brady,
Larry,Bucshon,
Mike,Bishop,
Mike,Gallagher,
Paul,Cook,
Raja,Krishnamoorthi,
Richard,Hudson,
Rick,Nolan,
Stephen,Lynch,
Trent,Franks,
Warren,Davidson,
Adam,Smith,
Al,Green,
Bill,Keating,
Bill,Pascrell,
Bill,Shuster,
Darren,Soto,
Doug,Collins,
Jan,Schakowsky,
Jerry,McNerney,
Kyrsten,Sinema,
Marcy,Kaptur,
Morgan,Griffith,
Robert,Pittenger,
Sander,Levin,
Steve,Cohen,
Trey,Hollingsworth,
Yvette,Clarke,
Hillary,Clinton,
Bill,Clinton,
George,Bush,
Jimmy,Carter,
Donald,Trump,
Mike,Pence,
Nikki,Haley,
Barack,Obama,
Arnold,Schwarzenegger,
Joe,Biden,
Ben,Carson,
Al,Gore,
Sarah,Palin,
Mitt,Romney,
Mike,Pompeo,
Steve,Mnuchin,
Wilbur,Ross,
Betsy,DeVos,
Gina,Haspel,
Brett,Kavanaugh,